external_category_key,available_ind,title,new_data_source_key,parent_category_key
college1,Y,College 1,EXAMPLES,
college2,Y,College 2,EXAMPLES,
college3,Y,College 3,EXAMPLES,
department1,Y,Department 1,EXAMPLES,college1
department2,Y,Department 2,EXAMPLES,college1
department3,Y,Department 3,EXAMPLES,college1
department4,Y,Department 4,EXAMPLES,college1
department5,Y,Department 5,EXAMPLES,college2
department6,Y,Department 6,EXAMPLES,college2
department7,Y,Department 7,EXAMPLES,college2
department8,Y,Department 8,EXAMPLES,college2
department9,Y,Department 9,EXAMPLES,college2
department10,Y,Department 10,EXAMPLES,college2
department11,Y,Department 11,EXAMPLES,college3
department12,Y,Department 12,EXAMPLES,college3
department13,Y,Department 13,EXAMPLES,college3
department14,Y,Department 14,EXAMPLES,college3
department15,Y,Department 15,EXAMPLES,college3
