external_category_key,external_course_key,new_data_source_key
department1,course_1,EXAMPLES
department1,course_2,EXAMPLES
department1,course_3,EXAMPLES
department1,course_4,EXAMPLES
department1,course_5,EXAMPLES
department1,course_6,EXAMPLES
department1,course_7,EXAMPLES
department1,course_8,EXAMPLES
department1,course_9,EXAMPLES
department1,course_10,EXAMPLES
department1,course_11,EXAMPLES
department1,course_12,EXAMPLES
department1,course_13,EXAMPLES
department1,course_14,EXAMPLES
department1,course_15,EXAMPLES
department2,course_16,EXAMPLES
department2,course_17,EXAMPLES
department2,course_18,EXAMPLES
department2,course_19,EXAMPLES
department2,course_20,EXAMPLES
department2,course_21,EXAMPLES
department2,course_22,EXAMPLES
department2,course_23,EXAMPLES
department2,course_24,EXAMPLES
department2,course_25,EXAMPLES
department2,course_26,EXAMPLES
department2,course_27,EXAMPLES
department3,course_28,EXAMPLES
department4,course_29,EXAMPLES
department5,course_30,EXAMPLES
department6,course_31,EXAMPLES
department7,course_32,EXAMPLES
department8,course_33,EXAMPLES
department9,course_34,EXAMPLES
department10,course_35,EXAMPLES
department11,course_36,EXAMPLES
department12,course_37,EXAMPLES
department13,course_38,EXAMPLES
department14,course_39,EXAMPLES
department15,course_40,EXAMPLES
department15,course_41,EXAMPLES
department15,course_42,EXAMPLES
department15,course_43,EXAMPLES
department15,course_44,EXAMPLES
department15,course_45,EXAMPLES
department15,course_46,EXAMPLES
department15,course_47,EXAMPLES
department15,course_48,EXAMPLES
department15,course_49,EXAMPLES
department15,course_50,EXAMPLES
