external_association_key,external_course_key,external_node_key,new_data_source_key,is_primary_association
course_association_1,course_1,department_1,EXAMPLES,Y
course_association_2,course_2,department_1,EXAMPLES,Y
course_association_3,course_3,department_1,EXAMPLES,Y
course_association_4,course_4,department_1,EXAMPLES,Y
course_association_5,course_5,department_1,EXAMPLES,Y
course_association_6,course_6,department_1,EXAMPLES,Y
course_association_7,course_7,department_1,EXAMPLES,Y
course_association_8,course_8,department_2,EXAMPLES,Y
course_association_9,course_9,department_2,EXAMPLES,Y
course_association_10,course_10,department_2,EXAMPLES,Y
course_association_11,course_11,department_2,EXAMPLES,Y
course_association_12,course_12,department_2,EXAMPLES,Y
course_association_13,course_13,department_2,EXAMPLES,Y
course_association_14,course_14,department_2,EXAMPLES,Y
course_association_15,course_15,department_2,EXAMPLES,Y
course_association_16,course_16,department_2,EXAMPLES,Y
course_association_17,course_17,department_3,EXAMPLES,Y
course_association_18,course_18,department_4,EXAMPLES,Y
course_association_19,course_19,department_5,EXAMPLES,Y
course_association_20,course_20,department_6,EXAMPLES,Y
course_association_21,course_21,department_7,EXAMPLES,Y
course_association_22,course_22,department_8,EXAMPLES,Y
course_association_23,course_23,department_9,EXAMPLES,Y
course_association_24,course_24,department_10,EXAMPLES,Y
course_association_25,course_25,department_11,EXAMPLES,Y
course_association_26,course_26,department_12,EXAMPLES,Y
course_association_27,course_27,department_13,EXAMPLES,Y
course_association_28,course_28,department_14,EXAMPLES,Y
course_association_29,course_29,department_15,EXAMPLES,Y
course_association_30,course_30,department_15,EXAMPLES,Y
course_association_31,course_31,department_15,EXAMPLES,Y
course_association_32,course_32,department_15,EXAMPLES,Y
course_association_33,course_33,department_15,EXAMPLES,Y
course_association_34,course_34,department_15,EXAMPLES,Y
course_association_35,course_35,department_15,EXAMPLES,Y
course_association_36,course_36,department_15,EXAMPLES,Y
course_association_37,course_37,department_15,EXAMPLES,Y
course_association_38,course_38,department_15,EXAMPLES,Y
course_association_39,course_39,department_15,EXAMPLES,Y
course_association_40,course_40,department_15,EXAMPLES,Y
course_association_41,course_41,department_15,EXAMPLES,Y
course_association_42,course_42,department_15,EXAMPLES,Y
course_association_43,course_43,department_15,EXAMPLES,Y
course_association_44,course_44,department_15,EXAMPLES,Y
course_association_45,course_45,department_15,EXAMPLES,Y
course_association_46,course_46,department_15,EXAMPLES,Y
course_association_47,course_47,department_15,EXAMPLES,Y
course_association_48,course_48,department_15,EXAMPLES,Y
course_association_49,course_49,department_15,EXAMPLES,Y
course_association_50,course_50,department_15,EXAMPLES,Y
