external_association_key,external_organization_key,external_node_key,new_data_source_key,is_primary_association
organization_association_1,organization_1,department_1,EXAMPLES,Y
organization_association_2,organization_2,department_1,EXAMPLES,Y
organization_association_3,organization_3,department_1,EXAMPLES,Y
organization_association_4,organization_4,department_1,EXAMPLES,Y
organization_association_5,organization_5,department_1,EXAMPLES,Y
organization_association_6,organization_6,department_1,EXAMPLES,Y
organization_association_7,organization_7,department_1,EXAMPLES,Y
organization_association_8,organization_8,department_2,EXAMPLES,Y
organization_association_9,organization_9,department_2,EXAMPLES,Y
organization_association_10,organization_10,department_2,EXAMPLES,Y
organization_association_11,organization_11,department_2,EXAMPLES,Y
organization_association_12,organization_12,department_2,EXAMPLES,Y
organization_association_13,organization_13,department_2,EXAMPLES,Y
organization_association_14,organization_14,department_2,EXAMPLES,Y
organization_association_15,organization_15,department_2,EXAMPLES,Y
organization_association_16,organization_16,department_2,EXAMPLES,Y
organization_association_17,organization_17,department_3,EXAMPLES,Y
organization_association_18,organization_18,department_4,EXAMPLES,Y
organization_association_19,organization_19,department_5,EXAMPLES,Y
organization_association_20,organization_20,department_6,EXAMPLES,Y
organization_association_21,organization_21,department_7,EXAMPLES,Y
organization_association_22,organization_22,department_8,EXAMPLES,Y
organization_association_23,organization_23,department_9,EXAMPLES,Y
organization_association_24,organization_24,department_10,EXAMPLES,Y
organization_association_25,organization_25,department_11,EXAMPLES,Y
organization_association_26,organization_26,department_12,EXAMPLES,Y
organization_association_27,organization_27,department_13,EXAMPLES,Y
organization_association_28,organization_28,department_14,EXAMPLES,Y
organization_association_29,organization_29,department_15,EXAMPLES,Y
organization_association_30,organization_30,department_15,EXAMPLES,Y
organization_association_31,organization_31,department_15,EXAMPLES,Y
organization_association_32,organization_32,department_15,EXAMPLES,Y
organization_association_33,organization_33,department_15,EXAMPLES,Y
organization_association_34,organization_34,department_15,EXAMPLES,Y
organization_association_35,organization_35,department_15,EXAMPLES,Y
organization_association_36,organization_36,department_15,EXAMPLES,Y
organization_association_37,organization_37,department_15,EXAMPLES,Y
organization_association_38,organization_38,department_15,EXAMPLES,Y
organization_association_39,organization_39,department_15,EXAMPLES,Y
organization_association_40,organization_40,department_15,EXAMPLES,Y
organization_association_41,organization_41,department_15,EXAMPLES,Y
organization_association_42,organization_42,department_15,EXAMPLES,Y
organization_association_43,organization_43,department_15,EXAMPLES,Y
organization_association_44,organization_44,department_15,EXAMPLES,Y
organization_association_45,organization_45,department_15,EXAMPLES,Y
organization_association_46,organization_46,department_15,EXAMPLES,Y
organization_association_47,organization_47,department_15,EXAMPLES,Y
organization_association_48,organization_48,department_15,EXAMPLES,Y
organization_association_49,organization_49,department_15,EXAMPLES,Y
organization_association_50,organization_50,department_15,EXAMPLES,Y
