external_node_key,new_data_source_key,parent_node_key,name,description
college_1,EXAMPLES,,College 1,Description for college 1
college_2,EXAMPLES,,College 2,Description for college 2
college_3,EXAMPLES,,College 3,Description for college 3
college_4,EXAMPLES,,College 4,Description for college 4
college_5,EXAMPLES,,College 5,Description for college 5
department_1,EXAMPLES,college_1,Department 1,Description for department 1
department_2,EXAMPLES,college_1,Department 2,Description for department 2
department_3,EXAMPLES,college_1,Department 3,Description for department 3
department_4,EXAMPLES,college_1,Department 4,Description for department 4
department_5,EXAMPLES,college_1,Department 5,Description for department 5
department_6,EXAMPLES,college_1,Department 6,Description for department 6
department_7,EXAMPLES,college_1,Department 7,Description for department 7
department_8,EXAMPLES,college_2,Department 8,Description for department 8
department_9,EXAMPLES,college_2,Department 9,Description for department 9
department_10,EXAMPLES,college_2,Department 10,Description for department 10
department_11,EXAMPLES,college_2,Department 11,Description for department 11
department_12,EXAMPLES,college_2,Department 12,Description for department 12
department_13,EXAMPLES,college_3,Department 13,Description for department 13
department_14,EXAMPLES,college_3,Department 14,Description for department 14
department_15,EXAMPLES,college_3,Department 15,Description for department 15
department_16,EXAMPLES,college_3,Department 16,Description for department 16
department_17,EXAMPLES,college_3,Department 17,Description for department 17
department_18,EXAMPLES,college_4,Department 18,Description for department 18
department_19,EXAMPLES,college_5,Department 19,Description for department 19
department_20,EXAMPLES,college_5,Department 20,Description for department 20
department_21,EXAMPLES,college_5,Department 21,Description for department 21
department_22,EXAMPLES,college_5,Department 22,Description for department 22
department_23,EXAMPLES,college_5,Department 23,Description for department 23
department_24,EXAMPLES,college_5,Department 24,Description for department 24
department_25,EXAMPLES,college_5,Department 25,Description for department 25
