external_association_key,external_user_key,external_node_key,new_data_source_key
user_association_1,student1,department_1,EXAMPLES
user_association_2,student2,department_1,EXAMPLES
user_association_3,student3,department_1,EXAMPLES
user_association_4,student4,department_1,EXAMPLES
user_association_5,student5,department_1,EXAMPLES
user_association_6,student6,department_1,EXAMPLES
user_association_7,student7,department_1,EXAMPLES
user_association_8,student8,department_1,EXAMPLES
user_association_9,student9,department_1,EXAMPLES
user_association_10,student10,department_1,EXAMPLES
user_association_11,student11,department_2,EXAMPLES
user_association_12,student12,department_2,EXAMPLES
user_association_13,student13,department_2,EXAMPLES
user_association_14,student14,department_2,EXAMPLES
user_association_15,student15,department_2,EXAMPLES
user_association_16,student16,department_2,EXAMPLES
user_association_17,student17,department_2,EXAMPLES
user_association_18,student18,department_2,EXAMPLES
user_association_19,student19,department_2,EXAMPLES
user_association_20,student20,department_2,EXAMPLES
user_association_21,student21,department_2,EXAMPLES
user_association_22,student22,department_2,EXAMPLES
user_association_23,student23,department_3,EXAMPLES
user_association_24,student24,department_4,EXAMPLES
user_association_25,student25,department_5,EXAMPLES
user_association_26,student26,department_6,EXAMPLES
user_association_27,student27,department_7,EXAMPLES
user_association_28,student28,department_8,EXAMPLES
user_association_29,student29,department_9,EXAMPLES
user_association_30,student30,department_10,EXAMPLES
user_association_31,student31,department_11,EXAMPLES
user_association_32,student32,department_12,EXAMPLES
user_association_33,student33,department_13,EXAMPLES
user_association_34,student34,department_14,EXAMPLES
user_association_35,student35,department_15,EXAMPLES
user_association_36,student36,department_15,EXAMPLES
user_association_37,student37,department_15,EXAMPLES
user_association_38,student38,department_15,EXAMPLES
user_association_39,student39,department_15,EXAMPLES
user_association_40,student40,department_15,EXAMPLES
user_association_41,student41,department_15,EXAMPLES
user_association_42,student42,department_15,EXAMPLES
user_association_43,student43,department_15,EXAMPLES
user_association_44,student44,department_15,EXAMPLES
user_association_45,student45,department_15,EXAMPLES
user_association_46,student46,department_15,EXAMPLES
user_association_47,student47,department_15,EXAMPLES
user_association_48,student48,department_15,EXAMPLES
user_association_49,student49,department_15,EXAMPLES
user_association_50,student50,department_15,EXAMPLES
