external_category_key,available_ind,title,new_data_source_key,parent_category_key
top_org_1,Y,Organization Category 1,EXAMPLES,
top_org_2,Y,Organization Category 2,EXAMPLES,
top_org_3,Y,Organization Category 3,EXAMPLES,
sub_org_1,Y,Sub Category 1,EXAMPLES,top_org_1
sub_org_2,Y,Sub Category 2,EXAMPLES,top_org_1
sub_org_3,Y,Sub Category 3,EXAMPLES,top_org_1
sub_org_4,Y,Sub Category 4,EXAMPLES,top_org_1
sub_org_5,Y,Sub Category 5,EXAMPLES,top_org_2
sub_org_6,Y,Sub Category 6,EXAMPLES,top_org_2
sub_org_7,Y,Sub Category 7,EXAMPLES,top_org_2
sub_org_8,Y,Sub Category 8,EXAMPLES,top_org_2
sub_org_9,Y,Sub Category 9,EXAMPLES,top_org_2
sub_org_10,Y,Sub Category 10,EXAMPLES,top_org_2
sub_org_11,Y,Sub Category 11,EXAMPLES,top_org_3
sub_org_12,Y,Sub Category 12,EXAMPLES,top_org_3
sub_org_13,Y,Sub Category 13,EXAMPLES,top_org_3
sub_org_14,Y,Sub Category 14,EXAMPLES,top_org_3
sub_org_15,Y,Sub Category 15,EXAMPLES,top_org_3
