external_category_key,external_organization_key,new_data_source_key
sub_org_1,organization_1,EXAMPLES
sub_org_1,organization_2,EXAMPLES
sub_org_1,organization_3,EXAMPLES
sub_org_1,organization_4,EXAMPLES
sub_org_1,organization_5,EXAMPLES
sub_org_1,organization_6,EXAMPLES
sub_org_1,organization_7,EXAMPLES
sub_org_1,organization_8,EXAMPLES
sub_org_1,organization_9,EXAMPLES
sub_org_1,organization_10,EXAMPLES
sub_org_1,organization_11,EXAMPLES
sub_org_2,organization_12,EXAMPLES
sub_org_2,organization_13,EXAMPLES
sub_org_2,organization_14,EXAMPLES
sub_org_2,organization_15,EXAMPLES
sub_org_2,organization_16,EXAMPLES
sub_org_3,organization_17,EXAMPLES
sub_org_3,organization_18,EXAMPLES
sub_org_3,organization_19,EXAMPLES
sub_org_3,organization_20,EXAMPLES
sub_org_3,organization_21,EXAMPLES
sub_org_4,organization_22,EXAMPLES
sub_org_5,organization_23,EXAMPLES
sub_org_6,organization_24,EXAMPLES
sub_org_7,organization_25,EXAMPLES
sub_org_8,organization_26,EXAMPLES
sub_org_9,organization_27,EXAMPLES
sub_org_10,organization_28,EXAMPLES
sub_org_11,organization_29,EXAMPLES
sub_org_12,organization_30,EXAMPLES
sub_org_13,organization_31,EXAMPLES
sub_org_14,organization_32,EXAMPLES
sub_org_15,organization_33,EXAMPLES
sub_org_15,organization_34,EXAMPLES
sub_org_15,organization_35,EXAMPLES
sub_org_15,organization_36,EXAMPLES
sub_org_15,organization_37,EXAMPLES
sub_org_15,organization_38,EXAMPLES
sub_org_15,organization_39,EXAMPLES
sub_org_15,organization_40,EXAMPLES
sub_org_15,organization_41,EXAMPLES
sub_org_15,organization_42,EXAMPLES
sub_org_15,organization_43,EXAMPLES
sub_org_15,organization_44,EXAMPLES
sub_org_15,organization_45,EXAMPLES
sub_org_15,organization_46,EXAMPLES
sub_org_15,organization_47,EXAMPLES
sub_org_15,organization_48,EXAMPLES
sub_org_15,organization_49,EXAMPLES
sub_org_15,organization_50,EXAMPLES
