external_person_key,system_role,user_id,passwd,title,firstname,middlename,lastname,h_phone_1,h_fax,m_phone,email,birthdate,street_1,city,state,zip_code,country,company,department,job_title,b_phone_1,student_id,institution_role,row_status,gender,available_ind,new_data_source_key
student1,none,student1,student1,Mr.,Student,Num,1,555.555.5555,555.555.5555,777.321.5555,student1@emailaddr.edu,4/23/1967,123 Busy St.,New York,NY,12345,United States,Company 1,N/A,N/A,123.456.7890,student_id_1,Student,enabled,M,Y,EXAMPLES
student2,none,student2,student2,Mr.,Student,Num,2,555.555.5556,555.555.5556,777.321.5556,student2@emailaddr.edu,4/24/1967,234 Crazy St.,New York,NY,12345,United States,Company 1,N/A,N/A,123.456.7891,student_id_2,Student,enabled,M,Y,EXAMPLES
student3,none,student3,student3,Mr.,Student,Num,3,555.555.5557,555.555.5557,777.321.5557,student3@emailaddr.edu,4/25/1967,345 Pizza Ave.,New York,NY,12345,United States,Company 1,N/A,N/A,123.456.7892,student_id_3,Student,enabled,M,Y,EXAMPLES
student4,none,student4,student4,Mr.,Student,Num,4,555.555.5558,555.555.5558,777.321.5558,student4@emailaddr.edu,4/26/1967,1234 42nd St.,New York,NY,12345,United States,Company 1,N/A,N/A,123.456.7893,student_id_4,Student,enabled,M,Y,EXAMPLES
student5,none,student5,student5,Mr.,Student,Num,5,555.555.5559,555.555.5559,777.321.5559,student5@emailaddr.edu,4/27/1967,34 Circle Dr,New York,NY,12345,United States,Company 1,N/A,N/A,123.456.7894,student_id_5,Student,enabled,M,Y,EXAMPLES
student6,none,student6,student6,Mr.,Student,Num,6,555.555.5560,555.555.5560,777.321.5560,student6@emailaddr.edu,4/28/1967,23 Sitch Circle,New York,NY,12345,United States,Company 2,N/A,N/A,123.456.7895,student_id_6,Student,enabled,M,Y,EXAMPLES
student7,none,student7,student7,Mr.,Student,Num,7,555.555.5561,555.555.5561,777.321.5561,student7@emailaddr.edu,4/29/1967,30 Square Ave.,New York,NY,12345,United States,Company 1,N/A,N/A,123.456.7896,student_id_7,Student,enabled,M,Y,EXAMPLES
student8,none,student8,student8,Mr.,Student,Num,8,555.555.5562,555.555.5562,777.321.5562,student8@emailaddr.edu,4/30/1967,32 Square Ave.,New York,NY,12345,United States,Company 1,N/A,N/A,123.456.7897,student_id_8,Student,enabled,M,Y,EXAMPLES
student9,none,student9,student9,Mrs.,Student,Num,9,555.555.5563,555.555.5563,777.321.5563,student9@emailaddr.edu,5/1/1967,1 Special St.,New York,NY,12345,United States,Company 1,N/A,N/A,123.456.7898,student_id_9,Student,enabled,F,Y,EXAMPLES
student10,none,student10,student10,Mr.,Student,Num,10,555.555.5564,555.555.5564,777.321.5564,student10@emailaddr.edu,5/2/1967,43 42nd St.,New York,NY,12345,United States,Company 1,N/A,N/A,123.456.7899,student_id_10,Student,enabled,M,Y,EXAMPLES
student11,none,student11,student11,Mr.,Student,Num,11,555.555.5565,555.555.5565,777.321.5565,student11@emailaddr.edu,5/3/1967,44 42nd St.,New York,NY,12345,United States,Company 1,N/A,N/A,123.456.7900,student_id_11,Student,enabled,M,Y,EXAMPLES
student12,none,student12,student12,Mr.,Student,Num,12,555.555.5566,555.555.5566,777.321.5566,student12@emailaddr.edu,5/4/1967,45 2nd St.,New York,NY,12345,United States,Company 2,N/A,N/A,123.456.7901,student_id_12,Student,enabled,M,Y,EXAMPLES
student13,none,student13,student13,Mr.,Student,Num,13,555.555.5567,555.555.5567,777.321.5567,student13@emailaddr.edu,5/5/1967,46 36th St.,New York,NY,12345,United States,Company 1,N/A,N/A,123.456.7902,student_id_13,Student,enabled,M,Y,EXAMPLES
student14,none,student14,student14,Mr.,Student,Num,14,555.555.5568,555.555.5568,777.321.5568,student14@emailaddr.edu,5/6/1967,4340 2nd St.,New York,NY,12345,United States,Company 1,N/A,N/A,123.456.7903,student_id_14,Student,enabled,M,Y,EXAMPLES
student15,none,student15,student15,Mr.,Student,Num,15,555.555.5569,555.555.5569,777.321.5569,student15@emailaddr.edu,5/7/1967,48 Cars St.,New York,NY,12345,United States,Company 1,N/A,N/A,123.456.7904,student_id_15,Student,enabled,M,Y,EXAMPLES
student16,none,student16,student16,Mr.,Student,Num,16,555.555.5570,555.555.5570,777.321.5570,student16@emailaddr.edu,5/8/1967,717 Red Robin Hood Dr.,New York,NY,12345,United States,Company 1,N/A,N/A,123.456.7905,student_id_16,Student,enabled,M,Y,EXAMPLES
student17,none,student17,student17,Mr.,Student,Num,17,555.555.5571,555.555.5571,777.321.5571,student17@emailaddr.edu,5/9/1967,503 2nd St.,New York,NY,12345,United States,Company 1,N/A,N/A,123.456.7906,student_id_17,Student,enabled,M,Y,EXAMPLES
student18,none,student18,student18,Mr.,Student,Num,18,555.555.5572,555.555.5572,777.321.5572,student18@emailaddr.edu,5/10/1967,511 39th St.,New York,NY,12345,United States,Company 2,N/A,N/A,123.456.7907,student_id_18,Student,enabled,M,Y,EXAMPLES
student19,none,student19,student19,Mr.,Student,Num,19,555.555.5573,555.555.5573,777.321.5573,student19@emailaddr.edu,5/11/1967,52 Main St.,New York,NY,12345,United States,Company 1,N/A,N/A,123.456.7908,student_id_19,Student,enabled,M,Y,EXAMPLES
student20,none,student20,student20,Mr.,Student,Num,20,555.555.5574,555.555.5574,777.321.5574,student20@emailaddr.edu,5/12/1967,53 Broadway St.,New York,NY,12345,United States,Company 1,N/A,N/A,123.456.7909,student_id_20,Student,enabled,M,Y,EXAMPLES
student21,none,student21,student21,Mr.,Student,Num,21,555.555.5575,555.555.5575,777.321.5575,student21@emailaddr.edu,5/13/1967,45 42nd St.,New York,NY,12345,United States,Company 1,N/A,N/A,123.456.7910,student_id_21,Student,enabled,M,Y,EXAMPLES
student22,none,student22,student22,Mr.,Student,Num,22,555.555.5576,555.555.5576,777.321.5576,student22@emailaddr.edu,5/14/1967,46 42nd St.,New York,NY,12345,United States,Company 1,N/A,N/A,123.456.7911,student_id_22,Student,enabled,M,Y,EXAMPLES
student23,none,student23,student23,Mr.,Student,Num,23,555.555.5577,555.555.5577,777.321.5577,student23@emailaddr.edu,5/15/1967,46 2nd St.,New York,NY,12345,United States,Company 1,N/A,N/A,123.456.7912,student_id_23,Student,enabled,M,Y,EXAMPLES
student24,none,student24,student24,Mr.,Student,Num,24,555.555.5578,555.555.5578,777.321.5578,student24@emailaddr.edu,5/16/1967,47 36th St.,New York,NY,12345,United States,Company 1,N/A,N/A,123.456.7913,student_id_24,Student,enabled,M,Y,EXAMPLES
student25,none,student25,student25,Mr.,Student,Num,25,555.555.5579,555.555.5579,777.321.5579,student25@emailaddr.edu,5/17/1967,4341 2nd St.,New York,NY,12345,United States,Company 1,N/A,N/A,123.456.7914,student_id_25,Student,enabled,M,Y,EXAMPLES
student26,none,student26,student26,Mr.,Student,Num,26,555.555.5580,555.555.5580,777.321.5580,student1@emailaddr.edu,5/18/1967,49 Cars St.,New York,NY,12345,United States,Company 2,N/A,N/A,123.456.7915,student_id_26,Student,enabled,M,Y,EXAMPLES
student27,none,student27,student27,Mr.,Student,Num,27,555.555.5581,555.555.5581,777.321.5581,student2@emailaddr.edu,5/19/1967,718 Red Robin Hood Dr.,New York,NY,12345,United States,Company 1,N/A,N/A,123.456.7916,student_id_27,Student,enabled,M,Y,EXAMPLES
student28,none,student28,student28,Mr.,Student,Num,28,555.555.5582,555.555.5582,777.321.5582,student3@emailaddr.edu,5/20/1967,504 2nd St.,New York,NY,12345,United States,Company 1,N/A,N/A,123.456.7917,student_id_28,Student,enabled,M,Y,EXAMPLES
student29,none,student29,student29,Mr.,Student,Num,29,555.555.5583,555.555.5583,777.321.5583,student4@emailaddr.edu,5/21/1967,512 39th St.,New York,NY,12345,United States,Company 1,N/A,N/A,123.456.7918,student_id_29,Student,enabled,M,Y,EXAMPLES
student30,none,student30,student30,Mr.,Student,Num,30,555.555.5584,555.555.5584,777.321.5584,student5@emailaddr.edu,5/22/1967,53 Main St.,New York,NY,12345,United States,Company 1,N/A,N/A,123.456.7919,student_id_30,Student,enabled,M,Y,EXAMPLES
student31,none,student31,student31,Mr.,Student,Num,31,555.555.5585,555.555.5585,777.321.5585,student6@emailaddr.edu,5/23/1967,54 Broadway St.,New York,NY,12345,United States,Company 1,N/A,N/A,123.456.7920,student_id_31,Student,enabled,M,Y,EXAMPLES
student32,none,student32,student32,Mr.,Student,Num,32,555.555.5586,555.555.5586,777.321.5586,student7@emailaddr.edu,5/24/1967,47 42nd St.,New York,NY,12345,United States,Company 2,N/A,N/A,123.456.7921,student_id_32,Student,enabled,M,Y,EXAMPLES
student33,none,student33,student33,Mr.,Student,Num,33,555.555.5587,555.555.5587,777.321.5587,student8@emailaddr.edu,5/25/1967,48 42nd St.,New York,NY,12345,United States,Company 1,N/A,N/A,123.456.7922,student_id_33,Student,enabled,M,Y,EXAMPLES
student34,none,student34,student34,Mr.,Student,Num,34,555.555.5588,555.555.5588,777.321.5588,student9@emailaddr.edu,5/26/1967,47 2nd St.,New York,NY,12345,United States,Company 1,N/A,N/A,123.456.7923,student_id_34,Student,enabled,M,Y,EXAMPLES
student35,none,student35,student35,Mr.,Student,Num,35,555.555.5589,555.555.5589,777.321.5589,student10@emailaddr.edu,5/27/1967,48 36th St.,New York,NY,12345,United States,Company 1,N/A,N/A,123.456.7924,student_id_35,Student,enabled,M,Y,EXAMPLES
student36,none,student36,student36,Mr.,Student,Num,36,555.555.5590,555.555.5590,777.321.5590,student11@emailaddr.edu,5/28/1967,4342 2nd St.,New York,NY,12345,United States,Company 1,N/A,N/A,123.456.7925,student_id_36,Student,enabled,M,Y,EXAMPLES
student37,none,student37,student37,Mr.,Student,Num,37,555.555.5591,555.555.5591,777.321.5591,student12@emailaddr.edu,5/29/1967,50 Cars St.,New York,NY,12345,United States,Company 1,N/A,N/A,123.456.7926,student_id_37,Student,enabled,M,Y,EXAMPLES
student38,none,student38,student38,Mr.,Student,Num,38,555.555.5592,555.555.5592,777.321.5592,student13@emailaddr.edu,5/30/1967,719 Red Robin Hood Dr.,New York,NY,12345,United States,Company 2,N/A,N/A,123.456.7927,student_id_38,Student,enabled,M,Y,EXAMPLES
student39,none,student39,student39,Mr.,Student,Num,39,555.555.5593,555.555.5593,777.321.5593,student14@emailaddr.edu,5/31/1967,505 2nd St.,New York,NY,12345,United States,Company 1,N/A,N/A,123.456.7928,student_id_39,Student,enabled,M,Y,EXAMPLES
student40,none,student40,student40,Mr.,Student,Num,40,555.555.5594,555.555.5594,777.321.5594,student15@emailaddr.edu,6/1/1967,513 39th St.,New York,NY,12345,United States,Company 1,N/A,N/A,123.456.7929,student_id_40,Student,enabled,M,Y,EXAMPLES
student41,none,student41,student41,Mr.,Student,Num,41,555.555.5595,555.555.5595,777.321.5595,student16@emailaddr.edu,6/2/1967,54 Main St.,New York,NY,12345,United States,Company 1,N/A,N/A,123.456.7930,student_id_41,Student,enabled,M,Y,EXAMPLES
student42,none,student42,student42,Mr.,Student,Num,42,555.555.5596,555.555.5596,777.321.5596,student17@emailaddr.edu,6/3/1967,55 Broadway St.,New York,NY,12345,United States,Company 1,N/A,N/A,123.456.7931,student_id_42,Student,enabled,M,Y,EXAMPLES
student43,none,student43,student43,Mr.,Student,Num,43,555.555.5597,555.555.5597,777.321.5597,student18@emailaddr.edu,6/4/1967,49 42nd St.,New York,NY,12345,United States,Company 1,N/A,N/A,123.456.7932,student_id_43,Student,enabled,M,Y,EXAMPLES
student44,none,student44,student44,Mr.,Student,Num,44,555.555.5598,555.555.5598,777.321.5598,student19@emailaddr.edu,6/5/1967,50 42nd St.,New York,NY,12345,United States,Company 1,N/A,N/A,123.456.7933,student_id_44,Student,enabled,M,Y,EXAMPLES
student45,none,student45,student45,Mr.,Student,Num,45,555.555.5599,555.555.5599,777.321.5599,student20@emailaddr.edu,6/6/1967,48 2nd St.,New York,NY,12345,United States,Company 1,N/A,N/A,123.456.7934,student_id_45,Student,enabled,M,Y,EXAMPLES
student46,none,student46,student46,Mr.,Student,Num,46,555.555.5600,555.555.5600,777.321.5600,student21@emailaddr.edu,6/7/1967,49 36th St.,New York,NY,12345,United States,Company 2,N/A,N/A,123.456.7935,student_id_46,Student,enabled,M,Y,EXAMPLES
student47,none,student47,student47,Mr.,Student,Num,47,555.555.5601,555.555.5601,777.321.5601,student22@emailaddr.edu,6/8/1967,4343 2nd St.,New York,NY,12345,United States,Company 1,N/A,N/A,123.456.7936,student_id_47,Student,enabled,M,Y,EXAMPLES
student48,none,student48,student48,Mr.,Student,Num,48,555.555.5602,555.555.5602,777.321.5602,student23@emailaddr.edu,6/9/1967,51 Cars St.,New York,NY,12345,United States,Company 1,N/A,N/A,123.456.7937,student_id_48,Student,enabled,M,Y,EXAMPLES
student49,none,student49,student49,Mr.,Student,Num,49,555.555.5603,555.555.5603,777.321.5603,student24@emailaddr.edu,6/10/1967,720 Red Robin Hood Dr.,New York,NY,12345,United States,Company 1,N/A,N/A,123.456.7938,student_id_49,Student,enabled,M,Y,EXAMPLES
student50,none,student50,student50,Mr.,Student,Num,50,555.555.5604,555.555.5604,777.321.5604,student25@emailaddr.edu,6/11/1967,506 2nd St.,New York,NY,12345,United States,Company 1,N/A,N/A,123.456.7939,student_id_50,Student,enabled,M,Y,EXAMPLES
teacher1,none,teacher1,teacher1,Mr.,Teacher,Num,1,555.555.5605,555.555.5605,777.321.5605,teacher1@emailaddr.edu,6/12/1967,51 Cars St.,New York,NY,12345,United States,Company 1,N/A,N/A,123.456.7940,student_id_51,Faculty,enabled,M,Y,EXAMPLES
teacher2,none,teacher2,teacher2,Mr.,Teacher,Num,2,555.555.5606,555.555.5606,777.321.5606,teacher2@emailaddr.edu,6/13/1967,720 Red Robin Hood Dr.,New York,NY,12345,United States,Company 1,N/A,N/A,123.456.7941,student_id_52,Faculty,enabled,M,Y,EXAMPLES
teacher3,none,teacher3,teacher3,Mr.,Teacher,Num,3,555.555.5607,555.555.5607,777.321.5607,teacher3@emailaddr.edu,6/14/1967,506 2nd St.,New York,NY,12345,United States,Company 1,N/A,N/A,123.456.7942,student_id_53,Faculty,enabled,M,Y,EXAMPLES
teacher4,none,teacher4,teacher4,Mr.,Teacher,Num,4,555.555.5608,555.555.5608,777.321.5608,teacher4@emailaddr.edu,6/15/1967,514 39th St.,New York,NY,12345,United States,Company 1,N/A,N/A,123.456.7943,student_id_54,Faculty,enabled,M,Y,EXAMPLES
teacher5,none,teacher5,teacher5,Mr.,Teacher,Num,5,555.555.5609,555.555.5609,777.321.5609,teacher5@emailaddr.edu,6/16/1967,55 Main St.,New York,NY,12345,United States,Company 1,N/A,N/A,123.456.7944,student_id_55,Faculty,enabled,M,Y,EXAMPLES
